{"cameraMode":{"drawMode":0,"name":"Shaded","section":"Shading Mode"},"sceneLighting":false,"audioPlay":false,"sceneViewState":{"showFog":true,"showMaterialUpdate":false,"showSkybox":false,"showFlares":true,"showImageEffects":true,"showParticleSystems":true},"in2DMode":false,"pivot":{"x":-0.026867449283599855,"y":-0.0571904182434082,"z":7.912897109985352},"rotation":{"x":0.6818565726280212,"y":0.026313090696930887,"z":-0.024557292461395265,"w":0.7306060791015625},"size":3.852581262588501,"orthographic":false}